id,make_id,name,make
1,1,Integra,"{'id': 1, 'name': 'Acura'}"
2,1,MDX,"{'id': 1, 'name': 'Acura'}"
3,2,A5,"{'id': 2, 'name': 'Audi'}"
4,2,e-tron,"{'id': 2, 'name': 'Audi'}"
5,2,e-tron S,"{'id': 2, 'name': 'Audi'}"
6,2,Q3,"{'id': 2, 'name': 'Audi'}"
7,2,Q5,"{'id': 2, 'name': 'Audi'}"
8,2,Q8,"{'id': 2, 'name': 'Audi'}"
9,3,3 Series,"{'id': 3, 'name': 'BMW'}"
10,3,4 Series,"{'id': 3, 'name': 'BMW'}"
11,3,4 Series Gran Coupe,"{'id': 3, 'name': 'BMW'}"
12,3,8 Series,"{'id': 3, 'name': 'BMW'}"
13,3,8 Series Gran Coupe,"{'id': 3, 'name': 'BMW'}"
14,3,ALPINA B8 Gran Coupe,"{'id': 3, 'name': 'BMW'}"
15,3,iX,"{'id': 3, 'name': 'BMW'}"
16,3,X2,"{'id': 3, 'name': 'BMW'}"
17,4,Enclave,"{'id': 4, 'name': 'Buick'}"
18,4,Encore GX,"{'id': 4, 'name': 'Buick'}"
19,4,Envision,"{'id': 4, 'name': 'Buick'}"
20,5,CT4,"{'id': 5, 'name': 'Cadillac'}"
21,5,CT5,"{'id': 5, 'name': 'Cadillac'}"
22,5,Escalade,"{'id': 5, 'name': 'Cadillac'}"
23,5,Escalade ESV,"{'id': 5, 'name': 'Cadillac'}"
24,5,LYRIQ,"{'id': 5, 'name': 'Cadillac'}"
25,5,XT4,"{'id': 5, 'name': 'Cadillac'}"
26,5,XT5,"{'id': 5, 'name': 'Cadillac'}"
27,5,XT6,"{'id': 5, 'name': 'Cadillac'}"
28,6,Bolt EUV,"{'id': 6, 'name': 'Chevrolet'}"
29,6,Bolt EV,"{'id': 6, 'name': 'Chevrolet'}"
30,6,Corvette,"{'id': 6, 'name': 'Chevrolet'}"
31,6,Suburban,"{'id': 6, 'name': 'Chevrolet'}"
32,6,Tahoe,"{'id': 6, 'name': 'Chevrolet'}"
33,6,Trailblazer,"{'id': 6, 'name': 'Chevrolet'}"
34,6,Traverse,"{'id': 6, 'name': 'Chevrolet'}"
35,7,G70,"{'id': 7, 'name': 'Genesis'}"
36,7,GV60,"{'id': 7, 'name': 'Genesis'}"
37,7,GV70,"{'id': 7, 'name': 'Genesis'}"
38,7,GV80,"{'id': 7, 'name': 'Genesis'}"
39,8,Acadia,"{'id': 8, 'name': 'GMC'}"
40,9,HR-V,"{'id': 9, 'name': 'Honda'}"
41,9,Odyssey,"{'id': 9, 'name': 'Honda'}"
42,10,Elantra,"{'id': 10, 'name': 'Hyundai'}"
43,10,Palisade,"{'id': 10, 'name': 'Hyundai'}"
44,10,Santa Fe,"{'id': 10, 'name': 'Hyundai'}"
45,11,Q50,"{'id': 11, 'name': 'INFINITI'}"
46,11,QX55,"{'id': 11, 'name': 'INFINITI'}"
47,12,E-PACE,"{'id': 12, 'name': 'Jaguar'}"
48,12,F-PACE,"{'id': 12, 'name': 'Jaguar'}"
49,12,F-TYPE,"{'id': 12, 'name': 'Jaguar'}"
50,12,I-PACE,"{'id': 12, 'name': 'Jaguar'}"
51,12,XF,"{'id': 12, 'name': 'Jaguar'}"
52,13,Carnival,"{'id': 13, 'name': 'Kia'}"
53,13,Forte,"{'id': 13, 'name': 'Kia'}"
54,13,K5,"{'id': 13, 'name': 'Kia'}"
55,13,Seltos,"{'id': 13, 'name': 'Kia'}"
56,13,Soul,"{'id': 13, 'name': 'Kia'}"
57,13,Sportage,"{'id': 13, 'name': 'Kia'}"
58,13,Sportage Hybrid,"{'id': 13, 'name': 'Kia'}"
59,13,Stinger,"{'id': 13, 'name': 'Kia'}"
60,14,Defender,"{'id': 14, 'name': 'Land Rover'}"
61,14,Discovery,"{'id': 14, 'name': 'Land Rover'}"
62,14,Discovery Sport,"{'id': 14, 'name': 'Land Rover'}"
63,14,Range Rover,"{'id': 14, 'name': 'Land Rover'}"
64,14,Range Rover Evoque,"{'id': 14, 'name': 'Land Rover'}"
65,14,Range Rover Velar,"{'id': 14, 'name': 'Land Rover'}"
66,15,Aviator,"{'id': 15, 'name': 'Lincoln'}"
67,16,CX-50,"{'id': 16, 'name': 'Mazda'}"
68,17,Clubman,"{'id': 17, 'name': 'MINI'}"
69,17,Convertible,"{'id': 17, 'name': 'MINI'}"
70,17,Countryman,"{'id': 17, 'name': 'MINI'}"
71,17,Hardtop 2 Door,"{'id': 17, 'name': 'MINI'}"
72,17,Hardtop 4 Door,"{'id': 17, 'name': 'MINI'}"
73,18,Eclipse Cross,"{'id': 18, 'name': 'Mitsubishi'}"
74,19,LEAF,"{'id': 19, 'name': 'Nissan'}"
75,19,Z,"{'id': 19, 'name': 'Nissan'}"
77,21,BRZ,"{'id': 21, 'name': 'Subaru'}"
78,21,Crosstrek,"{'id': 21, 'name': 'Subaru'}"
79,21,Impreza,"{'id': 21, 'name': 'Subaru'}"
80,21,Legacy,"{'id': 21, 'name': 'Subaru'}"
81,21,Outback,"{'id': 21, 'name': 'Subaru'}"
82,21,Solterra,"{'id': 21, 'name': 'Subaru'}"
83,22,bZ4X,"{'id': 22, 'name': 'Toyota'}"
84,22,Camry,"{'id': 22, 'name': 'Toyota'}"
85,22,Camry Hybrid,"{'id': 22, 'name': 'Toyota'}"
86,22,GR86,"{'id': 22, 'name': 'Toyota'}"
87,23,C40 Recharge Twin Pure Electric,"{'id': 23, 'name': 'Volvo'}"
88,23,S60,"{'id': 23, 'name': 'Volvo'}"
89,23,S90,"{'id': 23, 'name': 'Volvo'}"
90,23,V60,"{'id': 23, 'name': 'Volvo'}"
91,23,V60 Cross Country,"{'id': 23, 'name': 'Volvo'}"
92,23,V90 Cross Country,"{'id': 23, 'name': 'Volvo'}"
93,23,XC40,"{'id': 23, 'name': 'Volvo'}"
94,23,XC40 Recharge Twin Pure Electric,"{'id': 23, 'name': 'Volvo'}"
95,23,XC60,"{'id': 23, 'name': 'Volvo'}"
96,23,XC90,"{'id': 23, 'name': 'Volvo'}"
97,1,ILX,"{'id': 1, 'name': 'Acura'}"
98,1,NSX,"{'id': 1, 'name': 'Acura'}"
99,1,RDX,"{'id': 1, 'name': 'Acura'}"
100,1,TLX,"{'id': 1, 'name': 'Acura'}"
101,24,Giulia,"{'id': 24, 'name': 'Alfa Romeo'}"
102,24,Stelvio,"{'id': 24, 'name': 'Alfa Romeo'}"
103,2,A3,"{'id': 2, 'name': 'Audi'}"
104,2,A4,"{'id': 2, 'name': 'Audi'}"
105,2,A4 allroad,"{'id': 2, 'name': 'Audi'}"
106,2,A6,"{'id': 2, 'name': 'Audi'}"
107,2,A6 allroad,"{'id': 2, 'name': 'Audi'}"
108,2,A7,"{'id': 2, 'name': 'Audi'}"
109,2,A8,"{'id': 2, 'name': 'Audi'}"
110,2,e-tron GT,"{'id': 2, 'name': 'Audi'}"
111,2,e-tron Sportback,"{'id': 2, 'name': 'Audi'}"
112,2,e-tron S Sportback,"{'id': 2, 'name': 'Audi'}"
113,2,Q4 e-tron,"{'id': 2, 'name': 'Audi'}"
114,2,Q4 Sportback e-tron,"{'id': 2, 'name': 'Audi'}"
115,2,Q5 Sportback,"{'id': 2, 'name': 'Audi'}"
116,2,Q7,"{'id': 2, 'name': 'Audi'}"
117,2,R8,"{'id': 2, 'name': 'Audi'}"
118,2,RS 3,"{'id': 2, 'name': 'Audi'}"
119,2,RS 5,"{'id': 2, 'name': 'Audi'}"
120,2,RS 6,"{'id': 2, 'name': 'Audi'}"
121,2,RS 7,"{'id': 2, 'name': 'Audi'}"
122,2,RS e-tron GT,"{'id': 2, 'name': 'Audi'}"
123,2,RS Q8,"{'id': 2, 'name': 'Audi'}"
124,2,S3,"{'id': 2, 'name': 'Audi'}"
125,2,S4,"{'id': 2, 'name': 'Audi'}"
126,2,S5,"{'id': 2, 'name': 'Audi'}"
127,2,S6,"{'id': 2, 'name': 'Audi'}"
128,2,S7,"{'id': 2, 'name': 'Audi'}"
129,2,S8,"{'id': 2, 'name': 'Audi'}"
130,2,SQ5,"{'id': 2, 'name': 'Audi'}"
131,2,SQ5 Sportback,"{'id': 2, 'name': 'Audi'}"
132,2,SQ7,"{'id': 2, 'name': 'Audi'}"
133,2,SQ8,"{'id': 2, 'name': 'Audi'}"
134,2,TT,"{'id': 2, 'name': 'Audi'}"
135,2,TT RS,"{'id': 2, 'name': 'Audi'}"
136,2,TTS,"{'id': 2, 'name': 'Audi'}"
137,25,Bentayga,"{'id': 25, 'name': 'Bentley'}"
139,25,Flying Spur,"{'id': 25, 'name': 'Bentley'}"
140,3,2 Series,"{'id': 3, 'name': 'BMW'}"
141,3,2 Series Gran Coupe,"{'id': 3, 'name': 'BMW'}"
142,3,5 Series,"{'id': 3, 'name': 'BMW'}"
143,3,7 Series,"{'id': 3, 'name': 'BMW'}"
144,3,ALPINA B7,"{'id': 3, 'name': 'BMW'}"
145,3,ALPINA XB7,"{'id': 3, 'name': 'BMW'}"
146,3,i4,"{'id': 3, 'name': 'BMW'}"
147,3,X1,"{'id': 3, 'name': 'BMW'}"
148,3,X3,"{'id': 3, 'name': 'BMW'}"
149,3,X4,"{'id': 3, 'name': 'BMW'}"
150,3,X5,"{'id': 3, 'name': 'BMW'}"
151,3,X6,"{'id': 3, 'name': 'BMW'}"
152,3,X7,"{'id': 3, 'name': 'BMW'}"
153,3,Z4,"{'id': 3, 'name': 'BMW'}"
154,4,Encore,"{'id': 4, 'name': 'Buick'}"
155,5,CT4-V Blackwing,"{'id': 5, 'name': 'Cadillac'}"
156,5,CT5-V Blackwing,"{'id': 5, 'name': 'Cadillac'}"
157,6,Blazer,"{'id': 6, 'name': 'Chevrolet'}"
158,6,Camaro,"{'id': 6, 'name': 'Chevrolet'}"
159,6,Colorado,"{'id': 6, 'name': 'Chevrolet'}"
160,6,Equinox,"{'id': 6, 'name': 'Chevrolet'}"
161,6,Express,"{'id': 6, 'name': 'Chevrolet'}"
162,6,Express Cargo,"{'id': 6, 'name': 'Chevrolet'}"
163,6,Malibu,"{'id': 6, 'name': 'Chevrolet'}"
164,6,Silverado 1500 Limited,"{'id': 6, 'name': 'Chevrolet'}"
165,6,Silverado 1500,"{'id': 6, 'name': 'Chevrolet'}"
166,6,Silverado 2500HD,"{'id': 6, 'name': 'Chevrolet'}"
167,6,Silverado 3500HD,"{'id': 6, 'name': 'Chevrolet'}"
168,6,Spark,"{'id': 6, 'name': 'Chevrolet'}"
169,6,Trax,"{'id': 6, 'name': 'Chevrolet'}"
170,26,300,"{'id': 26, 'name': 'Chrysler'}"
171,26,Pacifica,"{'id': 26, 'name': 'Chrysler'}"
172,26,Voyager,"{'id': 26, 'name': 'Chrysler'}"
173,27,Challenger,"{'id': 27, 'name': 'Dodge'}"
174,27,Charger,"{'id': 27, 'name': 'Dodge'}"
175,27,Durango,"{'id': 27, 'name': 'Dodge'}"
176,28,500X,"{'id': 28, 'name': 'FIAT'}"
177,29,Bronco,"{'id': 29, 'name': 'Ford'}"
178,29,Bronco Sport,"{'id': 29, 'name': 'Ford'}"
179,29,EcoSport,"{'id': 29, 'name': 'Ford'}"
180,29,Edge,"{'id': 29, 'name': 'Ford'}"
181,29,Escape,"{'id': 29, 'name': 'Ford'}"
182,29,Escape Plug-In Hybrid,"{'id': 29, 'name': 'Ford'}"
183,29,E-Transit Cargo Van,"{'id': 29, 'name': 'Ford'}"
184,29,Expedition,"{'id': 29, 'name': 'Ford'}"
185,29,Explorer,"{'id': 29, 'name': 'Ford'}"
186,29,F-150,"{'id': 29, 'name': 'Ford'}"
187,29,F-150 Lightning,"{'id': 29, 'name': 'Ford'}"
188,29,F-250 Super Duty,"{'id': 29, 'name': 'Ford'}"
189,29,F-350 Super Duty,"{'id': 29, 'name': 'Ford'}"
190,29,F-450 Super Duty,"{'id': 29, 'name': 'Ford'}"
191,29,Maverick,"{'id': 29, 'name': 'Ford'}"
192,29,Mustang,"{'id': 29, 'name': 'Ford'}"
193,29,Mustang Mach-E,"{'id': 29, 'name': 'Ford'}"
194,29,Ranger,"{'id': 29, 'name': 'Ford'}"
195,29,Shelby GT500,"{'id': 29, 'name': 'Ford'}"
196,29,Transit Cargo Van,"{'id': 29, 'name': 'Ford'}"
197,29,Transit Connect Cargo Van,"{'id': 29, 'name': 'Ford'}"
198,29,Transit Connect Passenger Wagon,"{'id': 29, 'name': 'Ford'}"
199,29,Transit Crew Van,"{'id': 29, 'name': 'Ford'}"
200,29,Transit Passenger Van,"{'id': 29, 'name': 'Ford'}"
201,7,G80,"{'id': 7, 'name': 'Genesis'}"
202,7,G90,"{'id': 7, 'name': 'Genesis'}"
203,8,Canyon,"{'id': 8, 'name': 'GMC'}"
204,8,HUMMER EV,"{'id': 8, 'name': 'GMC'}"
205,8,Savana,"{'id': 8, 'name': 'GMC'}"
206,8,Savana Cargo,"{'id': 8, 'name': 'GMC'}"
207,8,Sierra 1500,"{'id': 8, 'name': 'GMC'}"
208,8,Sierra 1500 Limited,"{'id': 8, 'name': 'GMC'}"
209,8,Sierra 2500HD,"{'id': 8, 'name': 'GMC'}"
210,8,Sierra 3500HD,"{'id': 8, 'name': 'GMC'}"
211,8,Terrain,"{'id': 8, 'name': 'GMC'}"
212,8,Yukon,"{'id': 8, 'name': 'GMC'}"
213,8,Yukon XL,"{'id': 8, 'name': 'GMC'}"
214,9,Accord,"{'id': 9, 'name': 'Honda'}"
215,9,Accord Hybrid,"{'id': 9, 'name': 'Honda'}"
216,9,Civic,"{'id': 9, 'name': 'Honda'}"
217,9,CR-V,"{'id': 9, 'name': 'Honda'}"
218,9,CR-V Hybrid,"{'id': 9, 'name': 'Honda'}"
219,9,Insight,"{'id': 9, 'name': 'Honda'}"
220,9,Passport,"{'id': 9, 'name': 'Honda'}"
221,9,Pilot,"{'id': 9, 'name': 'Honda'}"
222,9,Ridgeline,"{'id': 9, 'name': 'Honda'}"
223,10,Accent,"{'id': 10, 'name': 'Hyundai'}"
224,10,IONIQ 5,"{'id': 10, 'name': 'Hyundai'}"
225,10,Ioniq Hybrid,"{'id': 10, 'name': 'Hyundai'}"
226,10,Ioniq Plug-In Hybrid,"{'id': 10, 'name': 'Hyundai'}"
227,10,Kona,"{'id': 10, 'name': 'Hyundai'}"
228,10,Kona Electric,"{'id': 10, 'name': 'Hyundai'}"
229,10,NEXO,"{'id': 10, 'name': 'Hyundai'}"
230,10,Santa Cruz,"{'id': 10, 'name': 'Hyundai'}"
231,10,Santa Fe Hybrid,"{'id': 10, 'name': 'Hyundai'}"
232,10,Santa Fe Plug-In Hybrid,"{'id': 10, 'name': 'Hyundai'}"
233,10,Sonata,"{'id': 10, 'name': 'Hyundai'}"
234,10,Sonata Hybrid,"{'id': 10, 'name': 'Hyundai'}"
235,10,Tucson,"{'id': 10, 'name': 'Hyundai'}"
236,10,Tucson Plug-In Hybrid,"{'id': 10, 'name': 'Hyundai'}"
237,10,Veloster,"{'id': 10, 'name': 'Hyundai'}"
238,10,Venue,"{'id': 10, 'name': 'Hyundai'}"
239,11,Q60,"{'id': 11, 'name': 'INFINITI'}"
240,11,QX50,"{'id': 11, 'name': 'INFINITI'}"
241,11,QX60,"{'id': 11, 'name': 'INFINITI'}"
242,11,QX80,"{'id': 11, 'name': 'INFINITI'}"
243,30,Cherokee,"{'id': 30, 'name': 'Jeep'}"
244,30,Compass,"{'id': 30, 'name': 'Jeep'}"
245,30,Gladiator,"{'id': 30, 'name': 'Jeep'}"
246,30,Grand Cherokee,"{'id': 30, 'name': 'Jeep'}"
247,30,Grand Cherokee 4xe,"{'id': 30, 'name': 'Jeep'}"
248,30,Grand Cherokee L,"{'id': 30, 'name': 'Jeep'}"
249,30,Grand Cherokee WK,"{'id': 30, 'name': 'Jeep'}"
250,30,Grand Wagoneer,"{'id': 30, 'name': 'Jeep'}"
251,30,Renegade,"{'id': 30, 'name': 'Jeep'}"
252,30,Wagoneer,"{'id': 30, 'name': 'Jeep'}"
253,30,Wrangler,"{'id': 30, 'name': 'Jeep'}"
254,30,Wrangler 4xe,"{'id': 30, 'name': 'Jeep'}"
255,31,GS-6,"{'id': 31, 'name': 'Karma'}"
256,13,EV6,"{'id': 13, 'name': 'Kia'}"
257,13,Niro,"{'id': 13, 'name': 'Kia'}"
258,13,Niro EV,"{'id': 13, 'name': 'Kia'}"
259,13,Niro Plug-In Hybrid,"{'id': 13, 'name': 'Kia'}"
260,13,Rio,"{'id': 13, 'name': 'Kia'}"
261,13,Sorento,"{'id': 13, 'name': 'Kia'}"
262,13,Sorento Hybrid,"{'id': 13, 'name': 'Kia'}"
263,13,Sorento Plug-In Hybrid,"{'id': 13, 'name': 'Kia'}"
264,13,Telluride,"{'id': 13, 'name': 'Kia'}"
265,32,Huracan,"{'id': 32, 'name': 'Lamborghini'}"
266,32,Urus,"{'id': 32, 'name': 'Lamborghini'}"
267,14,Range Rover Sport,"{'id': 14, 'name': 'Land Rover'}"
268,33,ES,"{'id': 33, 'name': 'Lexus'}"
269,33,GX,"{'id': 33, 'name': 'Lexus'}"
270,33,IS,"{'id': 33, 'name': 'Lexus'}"
271,33,LC,"{'id': 33, 'name': 'Lexus'}"
273,33,LX,"{'id': 33, 'name': 'Lexus'}"
275,33,RC,"{'id': 33, 'name': 'Lexus'}"
276,33,RX,"{'id': 33, 'name': 'Lexus'}"
277,33,UX,"{'id': 33, 'name': 'Lexus'}"
278,15,Corsair,"{'id': 15, 'name': 'Lincoln'}"
279,15,Nautilus,"{'id': 15, 'name': 'Lincoln'}"
280,15,Navigator,"{'id': 15, 'name': 'Lincoln'}"
281,34,Air,"{'id': 34, 'name': 'Lucid'}"
282,35,Ghibli,"{'id': 35, 'name': 'Maserati'}"
283,35,Levante,"{'id': 35, 'name': 'Maserati'}"
284,35,MC20,"{'id': 35, 'name': 'Maserati'}"
285,35,Quattroporte,"{'id': 35, 'name': 'Maserati'}"
286,16,3,"{'id': 16, 'name': 'Mazda'}"
287,16,CX-30,"{'id': 16, 'name': 'Mazda'}"
288,16,CX-5,"{'id': 16, 'name': 'Mazda'}"
289,16,CX-9,"{'id': 16, 'name': 'Mazda'}"
290,16,MX-30,"{'id': 16, 'name': 'Mazda'}"
291,16,MX-5 Miata,"{'id': 16, 'name': 'Mazda'}"
292,16,MX-5 Miata RF,"{'id': 16, 'name': 'Mazda'}"
293,36,720S,"{'id': 36, 'name': 'McLaren'}"
294,36,720S Spider,"{'id': 36, 'name': 'McLaren'}"
295,36,765LT Spider,"{'id': 36, 'name': 'McLaren'}"
296,36,Artura,"{'id': 36, 'name': 'McLaren'}"
298,37,A-Class,"{'id': 37, 'name': 'Mercedes-Benz'}"
299,37,AMG GT,"{'id': 37, 'name': 'Mercedes-Benz'}"
300,37,C-Class,"{'id': 37, 'name': 'Mercedes-Benz'}"
301,37,CLA-Class,"{'id': 37, 'name': 'Mercedes-Benz'}"
302,37,CLS-Class,"{'id': 37, 'name': 'Mercedes-Benz'}"
303,37,E-Class,"{'id': 37, 'name': 'Mercedes-Benz'}"
304,37,EQS,"{'id': 37, 'name': 'Mercedes-Benz'}"
305,37,GLA-Class,"{'id': 37, 'name': 'Mercedes-Benz'}"
306,37,GLB-Class,"{'id': 37, 'name': 'Mercedes-Benz'}"
307,37,GLC-Class,"{'id': 37, 'name': 'Mercedes-Benz'}"
308,37,GLC-Class Coupe,"{'id': 37, 'name': 'Mercedes-Benz'}"
309,37,GLE-Class,"{'id': 37, 'name': 'Mercedes-Benz'}"
310,37,GLE-Class Coupe,"{'id': 37, 'name': 'Mercedes-Benz'}"
311,37,GLS-Class,"{'id': 37, 'name': 'Mercedes-Benz'}"
312,37,Maybach,"{'id': 37, 'name': 'Mercedes-Benz'}"
313,37,Maybach GLS,"{'id': 37, 'name': 'Mercedes-Benz'}"
314,37,Metris,"{'id': 37, 'name': 'Mercedes-Benz'}"
315,37,S-Class,"{'id': 37, 'name': 'Mercedes-Benz'}"
316,37,SL-Class,"{'id': 37, 'name': 'Mercedes-Benz'}"
318,18,Mirage,"{'id': 18, 'name': 'Mitsubishi'}"
319,18,Mirage G4,"{'id': 18, 'name': 'Mitsubishi'}"
320,18,Outlander,"{'id': 18, 'name': 'Mitsubishi'}"
321,18,Outlander PHEV,"{'id': 18, 'name': 'Mitsubishi'}"
322,18,Outlander Sport,"{'id': 18, 'name': 'Mitsubishi'}"
323,19,Altima,"{'id': 19, 'name': 'Nissan'}"
324,19,Armada,"{'id': 19, 'name': 'Nissan'}"
325,19,Frontier,"{'id': 19, 'name': 'Nissan'}"
326,19,Kicks,"{'id': 19, 'name': 'Nissan'}"
327,19,Maxima,"{'id': 19, 'name': 'Nissan'}"
328,19,Murano,"{'id': 19, 'name': 'Nissan'}"
329,19,Pathfinder,"{'id': 19, 'name': 'Nissan'}"
330,19,Rogue,"{'id': 19, 'name': 'Nissan'}"
331,19,Rogue Sport,"{'id': 19, 'name': 'Nissan'}"
332,19,Sentra,"{'id': 19, 'name': 'Nissan'}"
333,19,Titan,"{'id': 19, 'name': 'Nissan'}"
334,19,Titan XD,"{'id': 19, 'name': 'Nissan'}"
335,19,Versa,"{'id': 19, 'name': 'Nissan'}"
336,38,718 Boxster,"{'id': 38, 'name': 'Porsche'}"
337,38,718 Cayman,"{'id': 38, 'name': 'Porsche'}"
338,38,911,"{'id': 38, 'name': 'Porsche'}"
339,38,Cayenne,"{'id': 38, 'name': 'Porsche'}"
340,38,Cayenne Coupe,"{'id': 38, 'name': 'Porsche'}"
341,38,Macan,"{'id': 38, 'name': 'Porsche'}"
342,38,Panamera,"{'id': 38, 'name': 'Porsche'}"
343,38,Taycan,"{'id': 38, 'name': 'Porsche'}"
344,39,1500,"{'id': 39, 'name': 'Ram'}"
345,39,2500,"{'id': 39, 'name': 'Ram'}"
346,39,3500,"{'id': 39, 'name': 'Ram'}"
347,39,1500 Classic,"{'id': 39, 'name': 'Ram'}"
348,39,Promaster Cargo Van,"{'id': 39, 'name': 'Ram'}"
349,39,Promaster City,"{'id': 39, 'name': 'Ram'}"
350,39,Promaster Window Van,"{'id': 39, 'name': 'Ram'}"
351,40,R1T,"{'id': 40, 'name': 'Rivian'}"
352,41,Cullinan,"{'id': 41, 'name': 'Rolls-Royce'}"
353,21,Ascent,"{'id': 21, 'name': 'Subaru'}"
354,21,Forester,"{'id': 21, 'name': 'Subaru'}"
355,21,WRX,"{'id': 21, 'name': 'Subaru'}"
356,42,Model 3,"{'id': 42, 'name': 'Tesla'}"
357,42,Model S,"{'id': 42, 'name': 'Tesla'}"
358,42,Model X,"{'id': 42, 'name': 'Tesla'}"
359,42,Model Y,"{'id': 42, 'name': 'Tesla'}"
360,22,4Runner,"{'id': 22, 'name': 'Toyota'}"
361,22,Avalon,"{'id': 22, 'name': 'Toyota'}"
362,22,Avalon Hybrid,"{'id': 22, 'name': 'Toyota'}"
363,22,C-HR,"{'id': 22, 'name': 'Toyota'}"
364,22,Corolla,"{'id': 22, 'name': 'Toyota'}"
365,22,Corolla Cross,"{'id': 22, 'name': 'Toyota'}"
366,22,Corolla Hatchback,"{'id': 22, 'name': 'Toyota'}"
367,22,Corolla Hybrid,"{'id': 22, 'name': 'Toyota'}"
368,22,GR Supra,"{'id': 22, 'name': 'Toyota'}"
369,22,Highlander,"{'id': 22, 'name': 'Toyota'}"
370,22,Highlander Hybrid,"{'id': 22, 'name': 'Toyota'}"
371,22,Mirai,"{'id': 22, 'name': 'Toyota'}"
372,22,Prius,"{'id': 22, 'name': 'Toyota'}"
373,22,Prius Prime,"{'id': 22, 'name': 'Toyota'}"
374,22,RAV4,"{'id': 22, 'name': 'Toyota'}"
375,22,RAV4 Hybrid,"{'id': 22, 'name': 'Toyota'}"
376,22,RAV4 Prime,"{'id': 22, 'name': 'Toyota'}"
377,22,Sequoia,"{'id': 22, 'name': 'Toyota'}"
378,22,Sienna,"{'id': 22, 'name': 'Toyota'}"
379,22,Tacoma,"{'id': 22, 'name': 'Toyota'}"
380,22,Tundra,"{'id': 22, 'name': 'Toyota'}"
381,22,Venza,"{'id': 22, 'name': 'Toyota'}"
382,43,Arteon,"{'id': 43, 'name': 'Volkswagen'}"
383,43,Atlas,"{'id': 43, 'name': 'Volkswagen'}"
384,43,Atlas Cross Sport,"{'id': 43, 'name': 'Volkswagen'}"
385,43,Golf GTI,"{'id': 43, 'name': 'Volkswagen'}"
386,43,Golf R,"{'id': 43, 'name': 'Volkswagen'}"
387,43,ID.4,"{'id': 43, 'name': 'Volkswagen'}"
388,43,Jetta,"{'id': 43, 'name': 'Volkswagen'}"
389,43,Jetta GLI,"{'id': 43, 'name': 'Volkswagen'}"
390,43,Passat,"{'id': 43, 'name': 'Volkswagen'}"
391,43,Taos,"{'id': 43, 'name': 'Volkswagen'}"
392,43,Tiguan,"{'id': 43, 'name': 'Volkswagen'}"
393,23,C40 Recharge,"{'id': 23, 'name': 'Volvo'}"
394,23,XC40 Recharge,"{'id': 23, 'name': 'Volvo'}"
395,44,DB11,"{'id': 44, 'name': 'Aston Martin'}"
396,44,DBS Superleggera,"{'id': 44, 'name': 'Aston Martin'}"
397,44,DBX,"{'id': 44, 'name': 'Aston Martin'}"
398,44,Vantage,"{'id': 44, 'name': 'Aston Martin'}"
399,3,i3,"{'id': 3, 'name': 'BMW'}"
400,29,Transit Connect,"{'id': 29, 'name': 'Ford'}"
401,9,Clarity,"{'id': 9, 'name': 'Honda'}"
402,10,Ioniq Electric,"{'id': 10, 'name': 'Hyundai'}"
403,31,Revero GT,"{'id': 31, 'name': 'Karma'}"
404,13,Sedona,"{'id': 13, 'name': 'Kia'}"
405,32,Aventador,"{'id': 32, 'name': 'Lamborghini'}"
406,45,Evora GT,"{'id': 45, 'name': 'Lotus'}"
407,16,6,"{'id': 16, 'name': 'Mazda'}"
408,16,CX-3,"{'id': 16, 'name': 'Mazda'}"
409,36,765LT,"{'id': 36, 'name': 'McLaren'}"
410,36,Elva,"{'id': 36, 'name': 'McLaren'}"
411,37,G-Class,"{'id': 37, 'name': 'Mercedes-Benz'}"
412,19,GT-R,"{'id': 19, 'name': 'Nissan'}"
413,19,NV Cargo,"{'id': 19, 'name': 'Nissan'}"
414,19,NV Passenger,"{'id': 19, 'name': 'Nissan'}"
415,19,NV200,"{'id': 19, 'name': 'Nissan'}"
416,20,1,"{'id': 20, 'name': 'Polestar'}"
417,41,Ghost,"{'id': 41, 'name': 'Rolls-Royce'}"
418,22,Land Cruiser,"{'id': 22, 'name': 'Toyota'}"
419,43,Golf,"{'id': 43, 'name': 'Volkswagen'}"
420,23,V90,"{'id': 23, 'name': 'Volvo'}"
421,1,RLX,"{'id': 1, 'name': 'Acura'}"
422,24,4C,"{'id': 24, 'name': 'Alfa Romeo'}"
423,25,Mulsanne,"{'id': 25, 'name': 'Bentley'}"
424,3,i8,"{'id': 3, 'name': 'BMW'}"
425,4,Regal Sportback,"{'id': 4, 'name': 'Buick'}"
426,4,Regal TourX,"{'id': 4, 'name': 'Buick'}"
427,5,CT6,"{'id': 5, 'name': 'Cadillac'}"
428,5,CT6-V,"{'id': 5, 'name': 'Cadillac'}"
429,6,Impala,"{'id': 6, 'name': 'Chevrolet'}"
430,6,Sonic,"{'id': 6, 'name': 'Chevrolet'}"
431,27,Grand Caravan,"{'id': 27, 'name': 'Dodge'}"
432,27,Journey,"{'id': 27, 'name': 'Dodge'}"
433,28,124 Spider,"{'id': 28, 'name': 'FIAT'}"
434,28,500L,"{'id': 28, 'name': 'FIAT'}"
435,29,Fusion,"{'id': 29, 'name': 'Ford'}"
436,29,Fusion Energi,"{'id': 29, 'name': 'Ford'}"
437,29,Fusion Hybrid,"{'id': 29, 'name': 'Ford'}"
438,29,Shelby GT350,"{'id': 29, 'name': 'Ford'}"
439,9,Fit,"{'id': 9, 'name': 'Honda'}"
440,10,Elantra GT,"{'id': 10, 'name': 'Hyundai'}"
441,12,XE,"{'id': 12, 'name': 'Jaguar'}"
442,13,Cadenza,"{'id': 13, 'name': 'Kia'}"
443,13,K900,"{'id': 13, 'name': 'Kia'}"
444,13,Optima,"{'id': 13, 'name': 'Kia'}"
445,13,Optima Hybrid,"{'id': 13, 'name': 'Kia'}"
446,13,Optima Plug-In Hybrid,"{'id': 13, 'name': 'Kia'}"
447,33,GS,"{'id': 33, 'name': 'Lexus'}"
448,15,Continental,"{'id': 15, 'name': 'Lincoln'}"
449,15,MKZ,"{'id': 15, 'name': 'Lincoln'}"
450,36,570S,"{'id': 36, 'name': 'McLaren'}"
451,36,570S Spider,"{'id': 36, 'name': 'McLaren'}"
452,36,600LT Spider,"{'id': 36, 'name': 'McLaren'}"
453,37,SLC-Class,"{'id': 37, 'name': 'Mercedes-Benz'}"
454,19,370Z,"{'id': 19, 'name': 'Nissan'}"
455,41,Dawn,"{'id': 41, 'name': 'Rolls-Royce'}"
456,41,Phantom,"{'id': 41, 'name': 'Rolls-Royce'}"
457,41,Wraith,"{'id': 41, 'name': 'Rolls-Royce'}"
458,22,86,"{'id': 22, 'name': 'Toyota'}"
459,22,Yaris,"{'id': 22, 'name': 'Toyota'}"
460,22,Yaris Hatchback,"{'id': 22, 'name': 'Toyota'}"
461,44,Rapide AMR,"{'id': 44, 'name': 'Aston Martin'}"
462,3,3 Series Gran Turismo,"{'id': 3, 'name': 'BMW'}"
463,3,6 Series Gran Coupe,"{'id': 3, 'name': 'BMW'}"
464,3,6 Series Gran Turismo,"{'id': 3, 'name': 'BMW'}"
465,3,ALPINA B6 Gran Coupe,"{'id': 3, 'name': 'BMW'}"
466,4,Cascada,"{'id': 4, 'name': 'Buick'}"
467,4,LaCrosse,"{'id': 4, 'name': 'Buick'}"
468,5,ATS Coupe,"{'id': 5, 'name': 'Cadillac'}"
469,5,ATS-V,"{'id': 5, 'name': 'Cadillac'}"
470,5,CTS,"{'id': 5, 'name': 'Cadillac'}"
471,5,CTS-V,"{'id': 5, 'name': 'Cadillac'}"
472,5,XTS,"{'id': 5, 'name': 'Cadillac'}"
473,6,Cruze,"{'id': 6, 'name': 'Chevrolet'}"
474,6,Silverado 1500 LD,"{'id': 6, 'name': 'Chevrolet'}"
475,6,Volt,"{'id': 6, 'name': 'Chevrolet'}"
476,26,Pacifica Hybrid,"{'id': 26, 'name': 'Chrysler'}"
477,46,488 GTB,"{'id': 46, 'name': 'Ferrari'}"
478,46,488 Spider,"{'id': 46, 'name': 'Ferrari'}"
479,46,Portofino,"{'id': 46, 'name': 'Ferrari'}"
480,28,500,"{'id': 28, 'name': 'FIAT'}"
481,28,500e,"{'id': 28, 'name': 'FIAT'}"
482,29,Fiesta,"{'id': 29, 'name': 'Ford'}"
483,29,Flex,"{'id': 29, 'name': 'Ford'}"
484,29,Taurus,"{'id': 29, 'name': 'Ford'}"
485,29,Transit Van,"{'id': 29, 'name': 'Ford'}"
486,10,Santa Fe XL,"{'id': 10, 'name': 'Hyundai'}"
487,10,Sonata Plug-in Hybrid,"{'id': 10, 'name': 'Hyundai'}"
488,11,Q70,"{'id': 11, 'name': 'INFINITI'}"
489,11,QX30,"{'id': 11, 'name': 'INFINITI'}"
490,12,XJ-Series,"{'id': 12, 'name': 'Jaguar'}"
491,13,Soul EV,"{'id': 13, 'name': 'Kia'}"
492,15,MKC,"{'id': 15, 'name': 'Lincoln'}"
493,15,MKT,"{'id': 15, 'name': 'Lincoln'}"
494,35,GranTurismo Convertible,"{'id': 35, 'name': 'Maserati'}"
495,36,570GT,"{'id': 36, 'name': 'McLaren'}"
496,36,600LT,"{'id': 36, 'name': 'McLaren'}"
497,36,Senna,"{'id': 36, 'name': 'McLaren'}"
498,19,Versa Note,"{'id': 19, 'name': 'Nissan'}"
499,47,EQ fortwo,"{'id': 47, 'name': 'smart'}"
500,22,Prius c,"{'id': 22, 'name': 'Toyota'}"
501,43,Beetle,"{'id': 43, 'name': 'Volkswagen'}"
502,43,Beetle Convertible,"{'id': 43, 'name': 'Volkswagen'}"
503,43,e-Golf,"{'id': 43, 'name': 'Volkswagen'}"
504,43,Golf Alltrack,"{'id': 43, 'name': 'Volkswagen'}"
505,43,Golf SportWagen,"{'id': 43, 'name': 'Volkswagen'}"
506,44,Vanquish S,"{'id': 44, 'name': 'Aston Martin'}"
507,2,A3 Sportback e-tron,"{'id': 2, 'name': 'Audi'}"
508,3,6 Series,"{'id': 3, 'name': 'BMW'}"
509,5,ATS,"{'id': 5, 'name': 'Cadillac'}"
510,6,City Express,"{'id': 6, 'name': 'Chevrolet'}"
511,46,812 Superfast,"{'id': 46, 'name': 'Ferrari'}"
512,29,C-Max Hybrid,"{'id': 29, 'name': 'Ford'}"
513,29,Focus,"{'id': 29, 'name': 'Ford'}"
514,29,Transit Wagon,"{'id': 29, 'name': 'Ford'}"
515,10,Santa Fe Sport,"{'id': 10, 'name': 'Hyundai'}"
516,30,Wrangler JK,"{'id': 30, 'name': 'Jeep'}"
517,15,MKX,"{'id': 15, 'name': 'Lincoln'}"
518,35,GranTurismo,"{'id': 35, 'name': 'Maserati'}"
519,37,Sprinter Worker,"{'id': 37, 'name': 'Mercedes-Benz'}"
520,47,fortwo,"{'id': 47, 'name': 'smart'}"
521,22,Corolla iM,"{'id': 22, 'name': 'Toyota'}"
522,22,Yaris iA,"{'id': 22, 'name': 'Toyota'}"
523,43,Tiguan Limited,"{'id': 43, 'name': 'Volkswagen'}"
524,23,S60 Cross Country,"{'id': 23, 'name': 'Volvo'}"
525,44,Rapide S,"{'id': 44, 'name': 'Aston Martin'}"
526,44,V12 Vantage S,"{'id': 44, 'name': 'Aston Martin'}"
527,44,Vanquish,"{'id': 44, 'name': 'Aston Martin'}"
528,3,5 Series Gran Turismo,"{'id': 3, 'name': 'BMW'}"
529,4,Regal,"{'id': 4, 'name': 'Buick'}"
530,4,Verano,"{'id': 4, 'name': 'Buick'}"
531,6,SS,"{'id': 6, 'name': 'Chevrolet'}"
533,27,Viper,"{'id': 27, 'name': 'Dodge'}"
534,46,GTC4Lusso,"{'id': 46, 'name': 'Ferrari'}"
535,29,C-Max Energi,"{'id': 29, 'name': 'Ford'}"
536,29,GT,"{'id': 29, 'name': 'Ford'}"
537,10,Azera,"{'id': 10, 'name': 'Hyundai'}"
538,11,QX70,"{'id': 11, 'name': 'INFINITI'}"
539,30,Patriot,"{'id': 30, 'name': 'Jeep'}"
540,33,CT,"{'id': 33, 'name': 'Lexus'}"
541,45,Evora 400,"{'id': 45, 'name': 'Lotus'}"
542,37,B-Class Electric Drive,"{'id': 37, 'name': 'Mercedes-Benz'}"
543,18,i-MiEV,"{'id': 18, 'name': 'Mitsubishi'}"
544,18,Lancer,"{'id': 18, 'name': 'Mitsubishi'}"
545,19,Juke,"{'id': 19, 'name': 'Nissan'}"
546,41,Phantom Drophead Coupe,"{'id': 41, 'name': 'Rolls-Royce'}"
547,22,Prius v,"{'id': 22, 'name': 'Toyota'}"
548,43,CC,"{'id': 43, 'name': 'Volkswagen'}"
549,43,Touareg,"{'id': 43, 'name': 'Volkswagen'}"
550,44,DB9 GT,"{'id': 44, 'name': 'Aston Martin'}"
551,44,V8 Vantage,"{'id': 44, 'name': 'Aston Martin'}"
552,2,allroad,"{'id': 2, 'name': 'Audi'}"
553,25,Continental GT,"{'id': 25, 'name': 'Bentley'}"
554,3,ActiveHybrid 5,"{'id': 3, 'name': 'BMW'}"
555,5,ELR,"{'id': 5, 'name': 'Cadillac'}"
556,5,SRX,"{'id': 5, 'name': 'Cadillac'}"
557,6,Cruze Limited,"{'id': 6, 'name': 'Chevrolet'}"
558,6,Impala Limited,"{'id': 6, 'name': 'Chevrolet'}"
559,6,Malibu Limited,"{'id': 6, 'name': 'Chevrolet'}"
560,6,Spark EV,"{'id': 6, 'name': 'Chevrolet'}"
561,26,Town and Country,"{'id': 26, 'name': 'Chrysler'}"
562,27,Dart,"{'id': 27, 'name': 'Dodge'}"
563,46,California T,"{'id': 46, 'name': 'Ferrari'}"
564,46,F12 Berlinetta,"{'id': 46, 'name': 'Ferrari'}"
565,9,CR-Z,"{'id': 9, 'name': 'Honda'}"
566,10,Equus,"{'id': 10, 'name': 'Hyundai'}"
567,10,Genesis,"{'id': 10, 'name': 'Hyundai'}"
568,10,Genesis Coupe,"{'id': 10, 'name': 'Hyundai'}"
569,14,LR4,"{'id': 14, 'name': 'Land Rover'}"
570,15,MKS,"{'id': 15, 'name': 'Lincoln'}"
571,36,675LT Coupe,"{'id': 36, 'name': 'McLaren'}"
572,36,675LT Spider,"{'id': 36, 'name': 'McLaren'}"
573,37,GL-Class,"{'id': 37, 'name': 'Mercedes-Benz'}"
574,37,SLK-Class,"{'id': 37, 'name': 'Mercedes-Benz'}"
575,17,Cooper,"{'id': 17, 'name': 'MINI'}"
576,17,Cooper Clubman,"{'id': 17, 'name': 'MINI'}"
577,17,Cooper Countryman,"{'id': 17, 'name': 'MINI'}"
578,17,Cooper Paceman,"{'id': 17, 'name': 'MINI'}"
579,19,Quest,"{'id': 19, 'name': 'Nissan'}"
580,38,Boxster,"{'id': 38, 'name': 'Porsche'}"
581,38,Cayman,"{'id': 38, 'name': 'Porsche'}"
582,41,Phantom Coupe,"{'id': 41, 'name': 'Rolls-Royce'}"
583,48,FR-S,"{'id': 48, 'name': 'Scion'}"
584,48,iA,"{'id': 48, 'name': 'Scion'}"
585,48,iM,"{'id': 48, 'name': 'Scion'}"
587,43,Eos,"{'id': 43, 'name': 'Volkswagen'}"
588,23,S80,"{'id': 23, 'name': 'Volvo'}"
589,23,XC70,"{'id': 23, 'name': 'Volvo'}"
590,44,DB9,"{'id': 44, 'name': 'Aston Martin'}"
591,25,Continental GT3-R,"{'id': 25, 'name': 'Bentley'}"
592,3,ActiveHybrid 7,"{'id': 3, 'name': 'BMW'}"
593,5,CTS-V Coupe,"{'id': 5, 'name': 'Cadillac'}"
594,6,Captiva Sport,"{'id': 6, 'name': 'Chevrolet'}"
595,46,458 Italia,"{'id': 46, 'name': 'Ferrari'}"
596,46,FF,"{'id': 46, 'name': 'Ferrari'}"
597,9,Crosstour,"{'id': 9, 'name': 'Honda'}"
598,11,Q40,"{'id': 11, 'name': 'INFINITI'}"
599,11,Q60 Convertible,"{'id': 11, 'name': 'INFINITI'}"
600,11,Q60 Coupe,"{'id': 11, 'name': 'INFINITI'}"
601,12,XK-Series,"{'id': 12, 'name': 'Jaguar'}"
602,14,LR2,"{'id': 14, 'name': 'Land Rover'}"
603,16,5,"{'id': 16, 'name': 'Mazda'}"
604,36,650S Coupe,"{'id': 36, 'name': 'McLaren'}"
605,36,650S Spider,"{'id': 36, 'name': 'McLaren'}"
606,37,GLK-Class,"{'id': 37, 'name': 'Mercedes-Benz'}"
607,37,M-Class,"{'id': 37, 'name': 'Mercedes-Benz'}"
608,37,SLS AMG GT Final Edition,"{'id': 37, 'name': 'Mercedes-Benz'}"
609,17,Cooper Coupe,"{'id': 17, 'name': 'MINI'}"
610,17,Cooper Roadster,"{'id': 17, 'name': 'MINI'}"
611,18,Lancer Evolution,"{'id': 18, 'name': 'Mitsubishi'}"
612,19,Rogue Select,"{'id': 19, 'name': 'Nissan'}"
613,19,Xterra,"{'id': 19, 'name': 'Nissan'}"
614,38,918 Spyder,"{'id': 38, 'name': 'Porsche'}"
615,39,C/V,"{'id': 39, 'name': 'Ram'}"
616,48,iQ,"{'id': 48, 'name': 'Scion'}"
617,48,xB,"{'id': 48, 'name': 'Scion'}"
618,21,XV Crosstrek,"{'id': 21, 'name': 'Subaru'}"
619,22,Prius Plug-in,"{'id': 22, 'name': 'Toyota'}"
620,1,ILX Hybrid,"{'id': 1, 'name': 'Acura'}"
621,1,TL,"{'id': 1, 'name': 'Acura'}"
622,1,TSX,"{'id': 1, 'name': 'Acura'}"
623,1,TSX Sport Wagon,"{'id': 1, 'name': 'Acura'}"
624,25,Continental GT Speed,"{'id': 25, 'name': 'Bentley'}"
625,25,Continental GT Speed Convertible,"{'id': 25, 'name': 'Bentley'}"
626,25,Continental GTC,"{'id': 25, 'name': 'Bentley'}"
627,5,CTS Coupe,"{'id': 5, 'name': 'Cadillac'}"
628,5,CTS Wagon,"{'id': 5, 'name': 'Cadillac'}"
629,5,CTS-V Wagon,"{'id': 5, 'name': 'Cadillac'}"
630,27,Avenger,"{'id': 27, 'name': 'Dodge'}"
631,27,SRT Viper,"{'id': 27, 'name': 'Dodge'}"
632,46,California,"{'id': 46, 'name': 'Ferrari'}"
633,29,E-Series Van,"{'id': 29, 'name': 'Ford'}"
634,29,E-Series Wagon,"{'id': 29, 'name': 'Ford'}"
635,9,Accord Plug-In Hybrid,"{'id': 9, 'name': 'Honda'}"
636,9,Fit EV,"{'id': 9, 'name': 'Honda'}"
637,10,Elantra Coupe,"{'id': 10, 'name': 'Hyundai'}"
638,32,Gallardo,"{'id': 32, 'name': 'Lamborghini'}"
639,45,Evora,"{'id': 45, 'name': 'Lotus'}"
640,16,2,"{'id': 16, 'name': 'Mazda'}"
641,37,CL-Class,"{'id': 37, 'name': 'Mercedes-Benz'}"
642,37,SLS AMG GT,"{'id': 37, 'name': 'Mercedes-Benz'}"
643,18,Lancer Sportback,"{'id': 18, 'name': 'Mitsubishi'}"
644,19,Cube,"{'id': 19, 'name': 'Nissan'}"
645,19,Murano CrossCabriolet,"{'id': 19, 'name': 'Nissan'}"
646,48,xD,"{'id': 48, 'name': 'Scion'}"
647,21,Impreza WRX,"{'id': 21, 'name': 'Subaru'}"
648,21,Tribeca,"{'id': 21, 'name': 'Subaru'}"
649,22,FJ Cruiser,"{'id': 22, 'name': 'Toyota'}"
650,22,RAV4 EV,"{'id': 22, 'name': 'Toyota'}"
651,43,Jetta Hybrid,"{'id': 43, 'name': 'Volkswagen'}"
652,43,Jetta SportWagen,"{'id': 43, 'name': 'Volkswagen'}"
653,1,ZDX,"{'id': 1, 'name': 'Acura'}"
654,25,Continental Flying Spur,"{'id': 25, 'name': 'Bentley'}"
655,25,Continental Flying Spur Speed,"{'id': 25, 'name': 'Bentley'}"
656,25,Supersports Convertible ISR,"{'id': 25, 'name': 'Bentley'}"
657,3,1 Series,"{'id': 3, 'name': 'BMW'}"
658,5,Escalade EXT,"{'id': 5, 'name': 'Cadillac'}"
659,5,Escalade Hybrid,"{'id': 5, 'name': 'Cadillac'}"
660,6,Black Diamond Avalanche,"{'id': 6, 'name': 'Chevrolet'}"
661,6,Silverado 1500 Hybrid,"{'id': 6, 'name': 'Chevrolet'}"
662,6,Tahoe Hybrid,"{'id': 6, 'name': 'Chevrolet'}"
663,8,Sierra 1500 Hybrid,"{'id': 8, 'name': 'GMC'}"
664,8,Yukon Hybrid,"{'id': 8, 'name': 'GMC'}"
665,11,EX,"{'id': 11, 'name': 'INFINITI'}"
666,11,FX,"{'id': 11, 'name': 'INFINITI'}"
667,11,G Convertible,"{'id': 11, 'name': 'INFINITI'}"
668,11,G Coupe,"{'id': 11, 'name': 'INFINITI'}"
669,11,G Sedan,"{'id': 11, 'name': 'INFINITI'}"
670,11,JX,"{'id': 11, 'name': 'INFINITI'}"
671,11,M,"{'id': 11, 'name': 'INFINITI'}"
672,11,QX,"{'id': 11, 'name': 'INFINITI'}"
673,16,Mazdaspeed 3,"{'id': 16, 'name': 'Mazda'}"
674,36,MP4-12C,"{'id': 36, 'name': 'McLaren'}"
675,36,MP4-12C Spider,"{'id': 36, 'name': 'McLaren'}"
676,49,Grand Vitara,"{'id': 49, 'name': 'Suzuki'}"
677,49,Kizashi,"{'id': 49, 'name': 'Suzuki'}"
678,49,SX4,"{'id': 49, 'name': 'Suzuki'}"
679,22,Matrix,"{'id': 22, 'name': 'Toyota'}"
680,23,C30,"{'id': 23, 'name': 'Volvo'}"
681,23,C70,"{'id': 23, 'name': 'Volvo'}"
682,1,RL,"{'id': 1, 'name': 'Acura'}"
683,44,DBS,"{'id': 44, 'name': 'Aston Martin'}"
684,44,Rapide,"{'id': 44, 'name': 'Aston Martin'}"
685,44,V12 Vantage,"{'id': 44, 'name': 'Aston Martin'}"
686,44,Virage,"{'id': 44, 'name': 'Aston Martin'}"
687,25,Continental Supersports,"{'id': 25, 'name': 'Bentley'}"
688,25,Continental Supersports Convertible,"{'id': 25, 'name': 'Bentley'}"
689,6,Avalanche,"{'id': 6, 'name': 'Chevrolet'}"
690,27,Caliber,"{'id': 27, 'name': 'Dodge'}"
691,50,Karma,"{'id': 50, 'name': 'Fisker'}"
692,10,Elantra Touring,"{'id': 10, 'name': 'Hyundai'}"
693,10,Veracruz,"{'id': 10, 'name': 'Hyundai'}"
694,30,Liberty,"{'id': 30, 'name': 'Jeep'}"
695,33,HS,"{'id': 33, 'name': 'Lexus'}"
696,33,LFA,"{'id': 33, 'name': 'Lexus'}"
697,51,57,"{'id': 51, 'name': 'Maybach'}"
698,51,62,"{'id': 51, 'name': 'Maybach'}"
699,51,Landaulet,"{'id': 51, 'name': 'Maybach'}"
700,16,CX-7,"{'id': 16, 'name': 'Mazda'}"
701,37,R-Class,"{'id': 37, 'name': 'Mercedes-Benz'}"
702,37,SLS AMG,"{'id': 37, 'name': 'Mercedes-Benz'}"
703,18,Eclipse,"{'id': 18, 'name': 'Mitsubishi'}"
704,18,Eclipse Spyder,"{'id': 18, 'name': 'Mitsubishi'}"
705,18,Galant,"{'id': 18, 'name': 'Mitsubishi'}"
706,52,9-3 Griffin,"{'id': 52, 'name': 'Saab'}"
707,49,Equator,"{'id': 49, 'name': 'Suzuki'}"
708,43,Routan,"{'id': 43, 'name': 'Volkswagen'}"
709,25,Continental GTC Speed,"{'id': 25, 'name': 'Bentley'}"
710,3,ActiveHybrid X6,"{'id': 3, 'name': 'BMW'}"
711,4,Lucerne,"{'id': 4, 'name': 'Buick'}"
712,5,DTS,"{'id': 5, 'name': 'Cadillac'}"
713,5,STS,"{'id': 5, 'name': 'Cadillac'}"
714,6,Aveo,"{'id': 6, 'name': 'Chevrolet'}"
715,6,HHR,"{'id': 6, 'name': 'Chevrolet'}"
716,27,Nitro,"{'id': 27, 'name': 'Dodge'}"
717,46,599,"{'id': 46, 'name': 'Ferrari'}"
718,46,612 Scaglietti,"{'id': 46, 'name': 'Ferrari'}"
719,29,Crown Victoria,"{'id': 29, 'name': 'Ford'}"
720,29,Escape Hybrid,"{'id': 29, 'name': 'Ford'}"
721,9,Accord Crosstour,"{'id': 9, 'name': 'Honda'}"
722,9,Element,"{'id': 9, 'name': 'Honda'}"
723,15,Town Car,"{'id': 15, 'name': 'Lincoln'}"
724,45,Elise,"{'id': 45, 'name': 'Lotus'}"
725,45,Exige,"{'id': 45, 'name': 'Lotus'}"
726,16,RX-8,"{'id': 16, 'name': 'Mazda'}"
727,16,Tribute,"{'id': 16, 'name': 'Mazda'}"
728,53,Grand Marquis,"{'id': 53, 'name': 'Mercury'}"
729,53,Mariner,"{'id': 53, 'name': 'Mercury'}"
730,53,Mariner Hybrid,"{'id': 53, 'name': 'Mercury'}"
731,53,Milan,"{'id': 53, 'name': 'Mercury'}"
732,53,Milan Hybrid,"{'id': 53, 'name': 'Mercury'}"
733,18,Endeavor,"{'id': 18, 'name': 'Mitsubishi'}"
734,19,Altima Hybrid,"{'id': 19, 'name': 'Nissan'}"
736,52,9-3,"{'id': 52, 'name': 'Saab'}"
737,52,9-4X,"{'id': 52, 'name': 'Saab'}"
738,52,9-5,"{'id': 52, 'name': 'Saab'}"
739,42,Roadster,"{'id': 42, 'name': 'Tesla'}"
740,23,S40,"{'id': 23, 'name': 'Volvo'}"
741,23,V50,"{'id': 23, 'name': 'Volvo'}"
742,25,Azure,"{'id': 25, 'name': 'Bentley'}"
743,25,Brooklands,"{'id': 25, 'name': 'Bentley'}"
744,6,Cobalt,"{'id': 6, 'name': 'Chevrolet'}"
745,6,Malibu Hybrid,"{'id': 6, 'name': 'Chevrolet'}"
746,26,PT Cruiser,"{'id': 26, 'name': 'Chrysler'}"
747,26,Sebring,"{'id': 26, 'name': 'Chrysler'}"
748,27,Dakota,"{'id': 27, 'name': 'Dodge'}"
749,27,Ram Pickup 1500,"{'id': 27, 'name': 'Dodge'}"
750,27,Ram Pickup 2500,"{'id': 27, 'name': 'Dodge'}"
751,27,Ram Pickup 3500,"{'id': 27, 'name': 'Dodge'}"
752,29,Explorer Sport Trac,"{'id': 29, 'name': 'Ford'}"
753,54,H3,"{'id': 54, 'name': 'HUMMER'}"
754,54,H3T,"{'id': 54, 'name': 'HUMMER'}"
755,30,Commander,"{'id': 30, 'name': 'Jeep'}"
756,32,Murcielago,"{'id': 32, 'name': 'Lamborghini'}"
757,33,SC,"{'id': 33, 'name': 'Lexus'}"
758,53,Mountaineer,"{'id': 53, 'name': 'Mercury'}"
759,55,G6,"{'id': 55, 'name': 'Pontiac'}"
760,55,Vibe,"{'id': 55, 'name': 'Pontiac'}"
761,43,New Beetle,"{'id': 43, 'name': 'Volkswagen'}"
762,23,V70,"{'id': 23, 'name': 'Volvo'}"
763,25,Arnage,"{'id': 25, 'name': 'Bentley'}"
764,56,Veyron 16.4,"{'id': 56, 'name': 'Bugatti'}"
765,5,STS-V,"{'id': 5, 'name': 'Cadillac'}"
766,5,XLR,"{'id': 5, 'name': 'Cadillac'}"
767,5,XLR-V,"{'id': 5, 'name': 'Cadillac'}"
768,26,Aspen,"{'id': 26, 'name': 'Chrysler'}"
769,27,Sprinter,"{'id': 27, 'name': 'Dodge'}"
770,27,Sprinter Cargo,"{'id': 27, 'name': 'Dodge'}"
771,46,430 Scuderia,"{'id': 46, 'name': 'Ferrari'}"
772,46,F430,"{'id': 46, 'name': 'Ferrari'}"
773,29,Econoline Cargo,"{'id': 29, 'name': 'Ford'}"
774,29,Econoline Wagon,"{'id': 29, 'name': 'Ford'}"
775,29,Expedition EL,"{'id': 29, 'name': 'Ford'}"
776,29,Taurus X,"{'id': 29, 'name': 'Ford'}"
777,8,Envoy,"{'id': 8, 'name': 'GMC'}"
778,9,S2000,"{'id': 9, 'name': 'Honda'}"
779,54,H2,"{'id': 54, 'name': 'HUMMER'}"
780,54,H2 SUT,"{'id': 54, 'name': 'HUMMER'}"
781,11,G,"{'id': 11, 'name': 'INFINITI'}"
782,13,Amanti,"{'id': 13, 'name': 'Kia'}"
783,13,Borrego,"{'id': 13, 'name': 'Kia'}"
784,13,Rondo,"{'id': 13, 'name': 'Kia'}"
785,13,Spectra,"{'id': 13, 'name': 'Kia'}"
786,14,LR3,"{'id': 14, 'name': 'Land Rover'}"
787,15,Navigator L,"{'id': 15, 'name': 'Lincoln'}"
788,16,B-Series Truck,"{'id': 16, 'name': 'Mazda'}"
789,16,Tribute Hybrid,"{'id': 16, 'name': 'Mazda'}"
790,37,CLK-Class,"{'id': 37, 'name': 'Mercedes-Benz'}"
791,37,SLR McLaren,"{'id': 37, 'name': 'Mercedes-Benz'}"
792,53,Sable,"{'id': 53, 'name': 'Mercury'}"
793,18,Raider,"{'id': 18, 'name': 'Mitsubishi'}"
794,19,350Z,"{'id': 19, 'name': 'Nissan'}"
795,55,G3,"{'id': 55, 'name': 'Pontiac'}"
796,55,G5,"{'id': 55, 'name': 'Pontiac'}"
797,55,G8,"{'id': 55, 'name': 'Pontiac'}"
798,55,Solstice,"{'id': 55, 'name': 'Pontiac'}"
799,55,Torrent,"{'id': 55, 'name': 'Pontiac'}"
800,52,9-7X,"{'id': 52, 'name': 'Saab'}"
801,57,Aura,"{'id': 57, 'name': 'Saturn'}"
802,57,Aura Hybrid,"{'id': 57, 'name': 'Saturn'}"
803,57,Outlook,"{'id': 57, 'name': 'Saturn'}"
804,57,Sky,"{'id': 57, 'name': 'Saturn'}"
805,57,VUE,"{'id': 57, 'name': 'Saturn'}"
806,57,VUE Hybrid,"{'id': 57, 'name': 'Saturn'}"
807,58,C8,"{'id': 58, 'name': 'Spyker'}"
808,49,XL7,"{'id': 49, 'name': 'Suzuki'}"
809,43,Rabbit,"{'id': 43, 'name': 'Volkswagen'}"
810,43,Rabbit GTI,"{'id': 43, 'name': 'Volkswagen'}"
811,2,RS 4,"{'id': 2, 'name': 'Audi'}"
812,6,Malibu Classic,"{'id': 6, 'name': 'Chevrolet'}"
813,6,Uplander,"{'id': 6, 'name': 'Chevrolet'}"
814,26,Crossfire,"{'id': 26, 'name': 'Chrysler'}"
815,27,Magnum,"{'id': 27, 'name': 'Dodge'}"
816,10,Entourage,"{'id': 10, 'name': 'Hyundai'}"
817,10,Tiburon,"{'id': 10, 'name': 'Hyundai'}"
818,59,Ascender,"{'id': 59, 'name': 'Isuzu'}"
819,59,i-Series,"{'id': 59, 'name': 'Isuzu'}"
820,12,S-Type,"{'id': 12, 'name': 'Jaguar'}"
821,12,X-Type,"{'id': 12, 'name': 'Jaguar'}"
822,32,Reventon,"{'id': 32, 'name': 'Lamborghini'}"
823,15,Mark LT,"{'id': 15, 'name': 'Lincoln'}"
824,55,Grand Prix,"{'id': 55, 'name': 'Pontiac'}"
825,57,Astra,"{'id': 57, 'name': 'Saturn'}"
826,49,Forenza,"{'id': 49, 'name': 'Suzuki'}"
827,49,Reno,"{'id': 49, 'name': 'Suzuki'}"
828,22,Camry Solara,"{'id': 22, 'name': 'Toyota'}"
829,4,Rainier,"{'id': 4, 'name': 'Buick'}"
830,4,Rendezvous,"{'id': 4, 'name': 'Buick'}"
831,4,Terraza,"{'id': 4, 'name': 'Buick'}"
832,6,Malibu Maxx,"{'id': 6, 'name': 'Chevrolet'}"
833,6,Monte Carlo,"{'id': 6, 'name': 'Chevrolet'}"
834,6,Silverado 1500 Classic,"{'id': 6, 'name': 'Chevrolet'}"
835,6,Silverado 1500HD Classic,"{'id': 6, 'name': 'Chevrolet'}"
836,6,Silverado 2500HD Classic,"{'id': 6, 'name': 'Chevrolet'}"
837,6,Silverado 3500 Classic,"{'id': 6, 'name': 'Chevrolet'}"
838,27,Caravan,"{'id': 27, 'name': 'Dodge'}"
839,29,Five Hundred,"{'id': 29, 'name': 'Ford'}"
840,29,Freestar,"{'id': 29, 'name': 'Ford'}"
841,29,Freestyle,"{'id': 29, 'name': 'Ford'}"
842,8,Sierra 1500 Classic,"{'id': 8, 'name': 'GMC'}"
843,8,Sierra 1500HD Classic,"{'id': 8, 'name': 'GMC'}"
844,8,Sierra 2500HD Classic,"{'id': 8, 'name': 'GMC'}"
845,8,Sierra 3500 Classic,"{'id': 8, 'name': 'GMC'}"
846,16,Mazdaspeed 6,"{'id': 16, 'name': 'Mazda'}"
847,53,Montego,"{'id': 53, 'name': 'Mercury'}"
848,53,Monterey,"{'id': 53, 'name': 'Mercury'}"
849,57,ION,"{'id': 57, 'name': 'Saturn'}"
850,57,Relay,"{'id': 57, 'name': 'Saturn'}"
851,21,B9 Tribeca,"{'id': 21, 'name': 'Subaru'}"
852,49,Aerio,"{'id': 49, 'name': 'Suzuki'}"
853,1,RSX,"{'id': 1, 'name': 'Acura'}"
854,44,V12 Vanquish,"{'id': 44, 'name': 'Aston Martin'}"
855,6,Silverado 1500HD,"{'id': 6, 'name': 'Chevrolet'}"
856,6,Silverado 3500,"{'id': 6, 'name': 'Chevrolet'}"
857,6,SSR,"{'id': 6, 'name': 'Chevrolet'}"
858,6,TrailBlazer EXT,"{'id': 6, 'name': 'Chevrolet'}"
859,27,Stratus,"{'id': 27, 'name': 'Dodge'}"
860,8,Envoy XL,"{'id': 8, 'name': 'GMC'}"
861,8,Sierra 1500HD,"{'id': 8, 'name': 'GMC'}"
862,8,Sierra 3500,"{'id': 8, 'name': 'GMC'}"
863,54,H1 Alpha,"{'id': 54, 'name': 'HUMMER'}"
864,11,Q,"{'id': 11, 'name': 'INFINITI'}"
865,15,LS,"{'id': 15, 'name': 'Lincoln'}"
866,15,Zephyr,"{'id': 15, 'name': 'Lincoln'}"
868,35,GranSport,"{'id': 35, 'name': 'Maserati'}"
869,16,MPV,"{'id': 16, 'name': 'Mazda'}"
870,18,Montero,"{'id': 18, 'name': 'Mitsubishi'}"
871,60,Esperante,"{'id': 60, 'name': 'Panoz'}"
872,55,GTO,"{'id': 55, 'name': 'Pontiac'}"
873,55,Montana SV6,"{'id': 55, 'name': 'Pontiac'}"
874,52,9-2X,"{'id': 52, 'name': 'Saab'}"
875,48,xA,"{'id': 48, 'name': 'Scion'}"
876,21,Baja,"{'id': 21, 'name': 'Subaru'}"
877,49,Verona,"{'id': 49, 'name': 'Suzuki'}"
878,49,XL-7,"{'id': 49, 'name': 'Suzuki'}"
879,43,Phaeton,"{'id': 43, 'name': 'Volkswagen'}"
880,2,allroad quattro,"{'id': 2, 'name': 'Audi'}"
881,4,Century,"{'id': 4, 'name': 'Buick'}"
882,4,LeSabre,"{'id': 4, 'name': 'Buick'}"
883,4,Park Avenue,"{'id': 4, 'name': 'Buick'}"
884,5,DeVille,"{'id': 5, 'name': 'Cadillac'}"
885,6,Astro,"{'id': 6, 'name': 'Chevrolet'}"
886,6,Astro Cargo,"{'id': 6, 'name': 'Chevrolet'}"
887,6,Cavalier,"{'id': 6, 'name': 'Chevrolet'}"
888,6,Classic,"{'id': 6, 'name': 'Chevrolet'}"
889,6,Venture,"{'id': 6, 'name': 'Chevrolet'}"
890,27,Neon,"{'id': 27, 'name': 'Dodge'}"
891,46,Superamerica,"{'id': 46, 'name': 'Ferrari'}"
892,29,Excursion,"{'id': 29, 'name': 'Ford'}"
893,29,Thunderbird,"{'id': 29, 'name': 'Ford'}"
894,8,Envoy XUV,"{'id': 8, 'name': 'GMC'}"
895,8,Safari,"{'id': 8, 'name': 'GMC'}"
896,8,Safari Cargo,"{'id': 8, 'name': 'GMC'}"
897,10,XG350,"{'id': 10, 'name': 'Hyundai'}"
898,14,Freelander,"{'id': 14, 'name': 'Land Rover'}"
899,35,Spyder,"{'id': 35, 'name': 'Maserati'}"
900,16,Mazdaspeed MX-5 Miata,"{'id': 16, 'name': 'Mazda'}"
901,55,Aztek,"{'id': 55, 'name': 'Pontiac'}"
902,55,Bonneville,"{'id': 55, 'name': 'Pontiac'}"
903,55,Grand Am,"{'id': 55, 'name': 'Pontiac'}"
904,55,Montana,"{'id': 55, 'name': 'Pontiac'}"
905,55,Sunfire,"{'id': 55, 'name': 'Pontiac'}"
906,38,Carrera GT,"{'id': 38, 'name': 'Porsche'}"
907,57,L-Series,"{'id': 57, 'name': 'Saturn'}"
908,22,Celica,"{'id': 22, 'name': 'Toyota'}"
909,22,ECHO,"{'id': 22, 'name': 'Toyota'}"
910,22,MR2 Spyder,"{'id': 22, 'name': 'Toyota'}"
911,5,Seville,"{'id': 5, 'name': 'Cadillac'}"
912,6,S-10,"{'id': 6, 'name': 'Chevrolet'}"
913,6,Silverado 2500,"{'id': 6, 'name': 'Chevrolet'}"
914,6,Tracker,"{'id': 6, 'name': 'Chevrolet'}"
915,26,300M,"{'id': 26, 'name': 'Chrysler'}"
916,26,Concorde,"{'id': 26, 'name': 'Chrysler'}"
917,27,Intrepid,"{'id': 27, 'name': 'Dodge'}"
918,46,360,"{'id': 46, 'name': 'Ferrari'}"
919,46,575M,"{'id': 46, 'name': 'Ferrari'}"
920,29,F-150 Heritage,"{'id': 29, 'name': 'Ford'}"
921,8,Sierra 2500,"{'id': 8, 'name': 'GMC'}"
922,8,Sonoma,"{'id': 8, 'name': 'GMC'}"
923,54,H1,"{'id': 54, 'name': 'HUMMER'}"
924,11,I,"{'id': 11, 'name': 'INFINITI'}"
925,59,Axiom,"{'id': 59, 'name': 'Isuzu'}"
926,59,Rodeo,"{'id': 59, 'name': 'Isuzu'}"
927,45,Esprit,"{'id': 45, 'name': 'Lotus'}"
928,53,Marauder,"{'id': 53, 'name': 'Mercury'}"
929,18,Diamante,"{'id': 18, 'name': 'Mitsubishi'}"
930,18,Montero Sport,"{'id': 18, 'name': 'Mitsubishi'}"
931,61,Alero,"{'id': 61, 'name': 'Oldsmobile'}"
932,61,Bravada,"{'id': 61, 'name': 'Oldsmobile'}"
933,61,Silhouette,"{'id': 61, 'name': 'Oldsmobile'}"
934,49,Vitara,"{'id': 49, 'name': 'Suzuki'}"
935,43,Golf R32,"{'id': 43, 'name': 'Volkswagen'}"
936,23,V40,"{'id': 23, 'name': 'Volvo'}"
937,1,CL,"{'id': 1, 'name': 'Acura'}"
938,44,DB7,"{'id': 44, 'name': 'Aston Martin'}"
939,3,Alpina,"{'id': 3, 'name': 'BMW'}"
940,3,Z8,"{'id': 3, 'name': 'BMW'}"
941,27,Ram Cargo,"{'id': 27, 'name': 'Dodge'}"
942,46,456M,"{'id': 46, 'name': 'Ferrari'}"
943,46,Enzo,"{'id': 46, 'name': 'Ferrari'}"
944,29,Escort,"{'id': 29, 'name': 'Ford'}"
945,29,Explorer Sport,"{'id': 29, 'name': 'Ford'}"
946,29,Windstar,"{'id': 29, 'name': 'Ford'}"
947,29,Windstar Cargo,"{'id': 29, 'name': 'Ford'}"
948,11,QX4,"{'id': 11, 'name': 'INFINITI'}"
949,59,Rodeo Sport,"{'id': 59, 'name': 'Isuzu'}"
950,16,Mazdaspeed Protege,"{'id': 16, 'name': 'Mazda'}"
951,16,Protege,"{'id': 16, 'name': 'Mazda'}"
952,16,Protege5,"{'id': 16, 'name': 'Mazda'}"
953,16,Truck,"{'id': 16, 'name': 'Mazda'}"
954,61,Aurora,"{'id': 61, 'name': 'Oldsmobile'}"
955,43,EuroVan,"{'id': 43, 'name': 'Volkswagen'}"
956,3,Z3,"{'id': 3, 'name': 'BMW'}"
957,5,Eldorado,"{'id': 5, 'name': 'Cadillac'}"
958,6,Prizm,"{'id': 6, 'name': 'Chevrolet'}"
959,26,Prowler,"{'id': 26, 'name': 'Chrysler'}"
960,62,Lanos,"{'id': 62, 'name': 'Daewoo'}"
961,62,Leganza,"{'id': 62, 'name': 'Daewoo'}"
962,62,Nubira,"{'id': 62, 'name': 'Daewoo'}"
963,27,Ram Wagon,"{'id': 27, 'name': 'Dodge'}"
964,59,Trooper,"{'id': 59, 'name': 'Isuzu'}"
965,15,Blackwood,"{'id': 15, 'name': 'Lincoln'}"
966,16,626,"{'id': 16, 'name': 'Mazda'}"
967,16,Millenia,"{'id': 16, 'name': 'Mazda'}"
968,53,Cougar,"{'id': 53, 'name': 'Mercury'}"
969,53,Villager,"{'id': 53, 'name': 'Mercury'}"
970,61,Intrigue,"{'id': 61, 'name': 'Oldsmobile'}"
971,55,Firebird,"{'id': 55, 'name': 'Pontiac'}"
972,41,Corniche,"{'id': 41, 'name': 'Rolls-Royce'}"
973,41,Park Ward,"{'id': 41, 'name': 'Rolls-Royce'}"
974,41,Silver Seraph,"{'id': 41, 'name': 'Rolls-Royce'}"
975,57,S-Series,"{'id': 57, 'name': 'Saturn'}"
976,49,Esteem,"{'id': 49, 'name': 'Suzuki'}"
977,43,Cabrio,"{'id': 43, 'name': 'Volkswagen'}"
978,23,XC,"{'id': 23, 'name': 'Volvo'}"
979,5,Catera,"{'id': 5, 'name': 'Cadillac'}"
980,6,Lumina,"{'id': 6, 'name': 'Chevrolet'}"
981,6,Metro,"{'id': 6, 'name': 'Chevrolet'}"
982,26,LHS,"{'id': 26, 'name': 'Chrysler'}"
983,46,550,"{'id': 46, 'name': 'Ferrari'}"
984,8,Jimmy,"{'id': 8, 'name': 'GMC'}"
985,8,Sierra C3,"{'id': 8, 'name': 'GMC'}"
986,9,Prelude,"{'id': 9, 'name': 'Honda'}"
987,10,XG300,"{'id': 10, 'name': 'Hyundai'}"
988,59,VehiCROSS,"{'id': 59, 'name': 'Isuzu'}"
989,13,Sephia,"{'id': 13, 'name': 'Kia'}"
990,32,Diablo,"{'id': 32, 'name': 'Lamborghini'}"
991,16,B-Series Pickup,"{'id': 16, 'name': 'Mazda'}"
994,49,Swift,"{'id': 49, 'name': 'Suzuki'}"
995,64,Hummer,"{'id': 64, 'name': 'AM General'}"
996,6,C/K 2500 Series,"{'id': 6, 'name': 'Chevrolet'}"
997,6,C/K 3500 Series,"{'id': 6, 'name': 'Chevrolet'}"
998,26,Cirrus,"{'id': 26, 'name': 'Chrysler'}"
999,26,Grand Voyager,"{'id': 26, 'name': 'Chrysler'}"
1000,27,Ram Van,"{'id': 27, 'name': 'Dodge'}"
1001,29,Contour,"{'id': 29, 'name': 'Ford'}"
1002,8,Sierra Classic 2500,"{'id': 8, 'name': 'GMC'}"
1003,8,Sierra Classic 3500,"{'id': 8, 'name': 'GMC'}"
1004,59,Amigo,"{'id': 59, 'name': 'Isuzu'}"
1005,59,Hombre,"{'id': 59, 'name': 'Isuzu'}"
1006,53,Mystique,"{'id': 53, 'name': 'Mercury'}"
1007,63,Breeze,"{'id': 63, 'name': 'Plymouth'}"
1010,23,S70,"{'id': 23, 'name': 'Volvo'}"
1011,1,SLX,"{'id': 1, 'name': 'Acura'}"
1012,4,Riviera,"{'id': 4, 'name': 'Buick'}"
1013,6,C/K 1500 Series,"{'id': 6, 'name': 'Chevrolet'}"
1014,29,F-250,"{'id': 29, 'name': 'Ford'}"
